{"cameraMode":{"drawMode":0,"name":"Shaded","section":"Shading Mode"},"sceneLighting":true,"audioPlay":false,"sceneViewState":{"showFog":true,"showMaterialUpdate":true,"showSkybox":true,"showFlares":true,"showImageEffects":true,"showParticleSystems":true},"in2DMode":false,"pivot":{"x":40.91545867919922,"y":82.68131256103516,"z":2043.6224365234375},"rotation":{"x":0.2897341549396515,"y":-0.6006684899330139,"z":0.2474965900182724,"w":0.7029240131378174},"size":184.77847290039063,"orthographic":false}